Data,Otwarcie,Najwyzszy,Najnizszy,Zamkniecie,Wolumen
2016-10-19,51.70027,51.79949,47.02016,50.00001,56298
2016-10-20,49.79949,50.00001,48.05996,50.00001,6598
2016-10-21,49.09975,50.00001,49.08011,49.94936,1220
2016-10-24,50.00001,53.00053,49.94006,52.44032,9121
2016-10-25,52.50027,52.50027,51.00053,52.19949,7637
2016-10-26,52.00001,52.00001,50.50027,50.50027,1474
2016-10-27,51.00053,51.00053,49.49975,50.99019,269
2016-10-28,50.10957,50.80001,50.10957,50.80001,199
2016-10-31,50.00001,51.99071,50.00001,51.98037,1481
2016-11-02,51.99071,52.00001,50.86099,51.89975,522
2016-11-03,51.89975,51.89975,50.85066,51.49975,472
2016-11-04,51.39949,51.39949,50.24911,51.00053,124
2016-11-07,51.00053,51.00053,50.50027,50.96952,426
2016-11-08,50.96952,50.96952,50.26978,50.60053,47
2016-11-09,50.90027,51.00053,50.29975,51.00053,645
2016-11-10,51.00053,51.00053,49.79949,50.70079,1003
2016-11-14,51.00053,51.00053,50.90027,50.90027,119
2016-11-15,50.88993,50.88993,49.79949,50.50027,1298
2016-11-16,50.50027,50.50027,49.00983,50.50027,365
2016-11-17,50.90027,50.90027,48.80001,48.80001,839
2016-11-18,49.00053,49.00053,47.02947,47.02947,1632
2016-11-21,46.90957,46.90957,45.1504,45.98967,1470
2016-11-22,45.1504,45.98967,45.1504,45.21965,1154
2016-11-23,45.21965,45.21965,44.89923,45.1504,636
2016-11-24,45.20001,45.20001,41.11009,44.50027,6845
2016-11-25,45.21965,47.00053,44.50027,46.99019,812
2016-11-28,46.99019,46.99019,46.8796,46.8796,223
2016-11-29,46.90027,48.70078,46.00001,48.49923,5493
2016-11-30,48.49923,50.50027,47.49975,50.00001,3059
2016-12-01,50.00001,50.00001,47.79949,50.00001,342
2016-12-02,50.00001,50.00001,48.40001,49.94006,337
2016-12-05,49.94936,49.94936,48.49923,48.54988,108
2016-12-06,49.9597,49.9597,48.29975,49.64962,788
2016-12-07,49.64962,49.64962,48.40931,49.58967,184
2016-12-08,48.40001,49.49975,48.40001,49.49975,576
2016-12-09,49.58967,49.58967,48.38037,49.48942,538
2016-12-12,49.48942,49.5504,48.38037,48.38037,745
2016-12-13,48.38037,49.98037,48.38037,49.48942,849
2016-12-14,49.70027,49.70027,49.00053,49.00053,89
2016-12-15,49.00053,49.00053,48.40001,49.00053,270
2016-12-16,49.00053,49.00053,47.3106,48.00001,710
2016-12-19,46.31009,48.79071,46.05996,48.40001,4503
2016-12-20,46.90027,48.49923,46.90027,47.98967,310
2016-12-21,47.98967,47.98967,46.10957,46.10957,1477
2016-12-22,47.48942,47.48942,46.02068,46.02068,54
2016-12-23,46.49097,46.49097,46.00001,46.25014,922
2016-12-27,46.29975,47.26926,45.64962,47.25996,1595
2016-12-28,47.00053,47.00053,45.64962,46.40001,651
2016-12-29,47.20001,49.00053,46.90027,48.49923,2492
2016-12-30,48.00001,49.64962,48.00001,49.64962,1826
2017-01-02,49.78089,49.78089,47.64962,49.48011,2376
2017-01-03,49.78089,49.78089,46.99019,46.99019,974
2017-01-04,47.98037,47.98037,47.00053,47.00053,77
2017-01-05,47.00053,47.8398,46.00001,46.00001,2463
2017-01-09,46.00001,46.49923,46.00001,46.02998,684
2017-01-10,46.02998,46.08063,45.40053,46.00001,2193
2017-01-11,46.00001,46.00001,45.41086,45.46978,906
2017-01-12,45.89975,45.89975,44.50027,45.30027,1094
2017-01-13,45.89975,45.89975,44.51991,45.00053,636
2017-01-16,44.51991,44.94058,44.00001,44.50957,899
2017-01-17,44.54988,44.54988,43.70027,43.74988,1796
2017-01-18,43.74988,43.89975,43.60001,43.89975,283
2017-01-19,44.00001,44.00001,42.99949,43.74988,1916
2017-01-20,43.98967,43.98967,42.99949,43.88941,406
2017-01-23,43.97934,43.97934,42.99949,43.88011,394
2017-01-24,44.04962,44.04962,42.99949,43.50078,557
2017-01-25,43.02016,43.50078,42.80001,43.09975,1414
2017-01-26,44.10027,44.48993,43.12972,44.48993,336
2017-01-27,44.48993,44.48993,43.30027,43.65996,500
2017-01-30,43.12972,44.80931,43.12972,44.80001,2447
2017-01-31,44.80001,48.90027,44.80001,47.05014,3228
2017-02-01,46.99019,47.98967,46.99019,47.9597,948
2017-02-02,48.00001,48.29975,47.60001,48.00001,1511
2017-02-03,48.00001,48.00001,47.49975,47.49975,165
2017-02-06,47.49975,47.98967,47.49975,47.98967,329
2017-02-07,47.98967,47.98967,47.40053,47.85014,744
2017-02-08,47.98967,47.98967,47.74988,47.94006,94
2017-02-09,47.94936,48.90027,47.40053,48.69045,765
2017-02-10,48.01035,48.70078,48.00001,48.00001,289
2017-02-13,48.01035,49.09975,48.00001,49.00053,1387
2017-02-14,49.34988,49.34988,48.19949,48.59949,485
2017-02-15,49.00053,49.22998,48.03929,49.22998,164
2017-02-16,49.22998,49.22998,48.10957,49.09045,192
2017-02-17,49.00053,49.00053,48.03929,48.11991,102
2017-02-20,49.18967,49.34988,49.00053,49.34988,1257
2017-02-21,49.34988,50.50027,48.49923,50.14988,8715
2017-02-22,50.14988,50.77004,49.49975,50.09923,1372
2017-02-23,50.50027,50.54058,49.79949,50.00001,597
2017-02-24,50.00001,50.00001,49.30027,50.00001,786
2017-02-27,51.1504,54.00001,51.1504,52.05996,7130
2017-02-28,52.56952,57.24962,51.94936,56.00001,21419
2017-03-01,57.49975,58.9995,56.60053,57.23929,20049
2017-03-02,58.00001,62.69975,58.00001,61.80053,29683
2017-03-03,63.50079,66.9995,62.00001,64.5995,15297
2017-03-06,64.80001,64.99019,62.5995,64.44963,17042
2017-03-07,61.80053,62.84963,57.20001,59.00983,12369
2017-03-08,58.94988,60.9995,56.10957,56.99949,5960
2017-03-09,58.00001,59.49975,56.50027,58.96022,4348
2017-03-10,59.89045,62.00001,58.22947,61.80053,4606
2017-03-13,62.69975,63.09975,62.01035,62.97056,7760
2017-03-14,62.69975,63.05014,61.80053,62.88063,1523
2017-03-15,62.69975,63.21965,61.50079,63.20001,3490
2017-03-16,63.21965,63.21965,62.54988,62.9995,3834
2017-03-17,62.50027,64.00001,62.50027,62.9995,4211
2017-03-20,63.88012,64.9995,63.60001,64.20053,10431
2017-03-21,64.48063,65.50079,64.29975,64.5995,4821
2017-03-22,64.89924,65.39019,62.9995,64.50027,2911
2017-03-23,65.09975,65.25066,63.50079,64.50027,2849
2017-03-24,64.9995,65.40053,62.80001,64.00001,2932
2017-03-27,64.00001,64.00001,61.51009,63.98968,1830
2017-03-28,64.00001,64.00001,60.50027,63.79019,2052
2017-03-29,63.70027,63.70027,60.52094,61.89045,1831
2017-03-30,61.89045,61.89045,60.06099,61.68993,610
2017-03-31,63.08012,63.08012,60.10027,61.17004,1559
2017-04-03,62.9995,62.9995,58.10027,58.9995,2322
2017-04-04,59.90079,59.98968,58.9995,59.9504,413
2017-04-05,59.49975,60.00001,58.51061,60.00001,634
2017-04-06,60.00931,60.98916,59.49975,60.88993,1068
2017-04-07,60.88063,60.88063,59.6796,60.00001,167
2017-04-10,60.00931,60.98916,58.10957,59.98968,2553
2017-04-11,58.50027,59.9597,56.90027,58.00001,3455
2017-04-12,57.49975,58.50027,57.49975,58.50027,594
2017-04-13,58.50027,58.50027,56.40001,57.49975,4580
2017-04-18,56.99949,57.90079,56.99949,57.90079,1124
2017-04-19,57.99071,57.99071,57.09975,57.69924,201
2017-04-20,57.99071,61.40983,57.99071,60.82999,10867
2017-04-21,60.82999,60.98089,59.64962,60.97055,1775
2017-04-24,60.97055,60.97055,60.05066,60.97055,1359
2017-04-25,60.50027,60.50027,59.14937,60.10027,717
2017-04-26,60.00001,60.00001,56.40001,57.39949,2885
2017-04-27,58.00001,59.98037,58.00001,59.60001,167
2017-04-28,59.60001,59.60001,58.50027,59.60001,817
2017-05-02,59.70027,59.70027,58.50027,59.34058,511
2017-05-04,59.40983,59.40983,56.99949,58.48993,2986
2017-05-05,58.48993,58.48993,56.99949,56.99949,1169
2017-05-08,56.99949,57.49975,56.69975,56.69975,171
2017-05-09,56.71009,56.71009,53.39949,55.48942,2930
2017-05-10,54.00001,57.39949,54.00001,56.50027,1331
2017-05-11,56.48993,56.50027,55.79949,56.50027,2126
2017-05-12,56.50027,56.50027,53.5597,56.48993,610
2017-05-15,55.99071,56.00001,53.65996,55.89975,692
2017-05-16,55.89975,55.89975,53.54936,53.54936,1132
2017-05-17,55.00053,55.00053,50.00001,52.00001,2809
2017-05-18,52.80001,53.00053,51.49975,51.49975,385
2017-05-19,51.49975,55.00053,51.45014,55.00053,455
2017-05-22,55.00053,55.00053,54.00001,55.00053,249
2017-05-23,55.00053,55.00053,54.05996,55.00053,532
2017-05-24,55.00053,55.00053,54.97986,54.97986,18
2017-05-25,55.00053,56.61913,54.00001,56.61913,1130
2017-05-26,56.80001,56.80001,54.80001,54.80001,184
2017-05-29,56.80001,57.20001,53.74988,57.20001,372
2017-05-30,57.18968,58.40001,54.65014,58.40001,2936
2017-05-31,58.40001,59.24962,56.99019,56.99019,1858
2017-06-01,56.99019,59.29924,56.99019,58.69975,1405
2017-06-02,58.98916,58.98916,57.74988,57.85014,187
2017-06-05,58.67081,59.80053,58.66048,58.9995,615
2017-06-06,59.86978,59.86978,58.00001,59.80053,910
2017-06-07,59.86978,59.86978,58.00001,59.60001,5237
2017-06-08,59.85014,59.85014,59.70027,59.70027,12
2017-06-09,59.86978,59.86978,59.85944,59.85944,2
2017-06-12,58.8703,58.98089,55.00983,57.90079,1023
2017-06-13,58.00001,60.00001,58.00001,58.98916,4882
2017-06-14,58.9995,60.5995,58.42999,60.40001,11515
2017-06-16,60.00001,60.88063,60.00001,60.50027,574
2017-06-19,60.10027,60.40001,60.00001,60.40001,1540
2017-06-20,60.9995,60.9995,57.49975,57.49975,6360
2017-06-21,58.00001,58.00001,57.49975,57.90079,1246
2017-06-22,58.9995,60.80001,58.51061,59.49975,6001
2017-06-23,60.00001,60.00001,58.9995,59.97004,377
2017-06-26,60.00001,60.00001,57.60001,59.98037,795
2017-06-27,59.98037,59.98037,58.9995,58.9995,105
2017-06-28,59.49975,60.00001,58.9995,59.20001,747
2017-06-29,59.49975,60.00001,58.9995,60.00001,383
2017-06-30,60.00001,60.9995,59.11009,60.97055,2510
2017-07-03,60.97055,62.00001,60.97055,61.76952,3697
2017-07-04,61.80053,61.98968,61.05014,61.6703,1268
2017-07-05,61.65066,61.65066,59.49975,59.49975,1384
2017-07-06,60.48993,60.48993,59.09975,59.89045,800
2017-07-07,59.90079,61.2703,59.90079,61.2703,253
2017-07-10,62.50027,62.50027,62.00001,62.00001,1479
2017-07-11,62.00001,62.37934,60.00001,60.10027,1444
2017-07-12,60.9995,60.9995,60.50027,60.50027,709
2017-07-13,60.9995,60.9995,60.00001,60.98916,177
2017-07-14,60.98916,60.9995,59.49975,60.88993,440
2017-07-17,60.90027,60.9995,59.54937,60.9995,980
2017-07-18,61.49045,61.49045,59.60001,60.00001,677
2017-07-19,60.9995,61.28993,60.00001,60.9995,1268
2017-07-20,61.09975,61.09975,60.9995,60.9995,408
2017-07-21,61.09975,61.29924,58.50027,60.00001,2052
2017-07-24,59.90079,59.90079,53.91009,56.60053,14705
2017-07-25,57.79949,59.89045,57.69924,58.88993,4693
2017-07-26,58.8703,59.39019,58.00001,58.9995,2074
2017-07-27,56.25014,59.80053,56.25014,59.80053,8306
2017-07-28,60.69975,60.69975,58.02999,59.98968,32899
2017-07-31,60.9995,61.50079,58.50027,60.98916,5953
2017-08-01,61.20001,61.20001,59.58037,60.50027,3206
2017-08-02,61.50079,61.50079,60.00001,60.94988,4892
2017-08-03,60.9995,60.9995,59.3995,60.19019,1444
2017-08-04,60.40001,60.40001,58.14988,59.9504,887
2017-08-07,59.94006,59.94006,58.02999,59.94006,2361
2017-08-08,59.89045,59.90079,58.67081,59.0305,5242
2017-08-09,59.82017,59.82017,56.00931,57.49975,4927
2017-08-10,59.49975,59.49975,56.54988,58.00001,978
2017-08-11,59.29924,59.29924,56.00001,58.00001,354
2017-08-14,58.9995,58.9995,56.99949,58.00001,1002
2017-08-16,58.00001,58.00001,56.00931,58.00001,1580
2017-08-17,57.99071,57.99071,56.10957,56.99949,280
2017-08-18,56.25014,56.60053,55.00053,56.10027,1372
2017-08-21,57.9504,59.86978,57.39949,58.48993,8930
2017-08-22,58.65014,59.49975,58.65014,59.49045,5989
2017-08-23,59.85014,59.9504,58.9995,59.49975,821
2017-08-24,59.49975,59.49975,59.02017,59.34988,4257
2017-08-25,59.49975,59.49975,59.20001,59.20001,4056
2017-08-28,60.00001,60.00001,58.9995,58.9995,7873
2017-08-29,59.97004,59.97004,58.9995,59.6796,10193
2017-08-30,59.49975,61.50079,59.3995,61.50079,7202
2017-08-31,62.00001,62.80001,60.9995,62.00001,26999
2017-09-01,62.00001,63.2703,62.00001,63.2703,11998
2017-09-04,62.99019,63.98968,62.99019,63.79019,6571
2017-09-05,63.79019,63.98968,63.29924,63.88012,4711
2017-09-06,63.80053,63.80053,63.29924,63.29924,9035
2017-09-07,63.50079,63.50079,60.10027,62.00001,6833
2017-09-08,62.00001,63.39019,62.00001,63.29924,647
2017-09-11,63.89975,66.25014,63.80053,66.25014,64098
2017-09-12,66.88994,68.80001,64.9995,68.1995,12564
2017-09-13,68.1995,69.00053,68.00001,68.80001,6089
2017-09-14,68.34937,68.34937,66.01035,68.0796,4306
2017-09-15,68.01035,68.01035,66.50027,67.49976,3768
2017-09-18,67.49976,72.70079,67.49976,71.49976,4739
2017-09-19,71.00053,72.48994,68.40001,69.60001,3807
2017-09-20,70.48063,70.48063,68.41035,68.41035,1663
2017-09-21,68.88994,69.00053,66.50957,67.97004,3811
2017-09-22,67.9504,67.9504,66.00001,67.30027,1162
2017-09-25,66.80001,66.80001,63.9504,64.04963,9638
2017-09-26,64.9995,64.9995,60.54988,63.49045,4561
2017-09-27,62.9995,66.89924,62.01035,65.85014,2644
2017-09-28,65.85014,66.50027,65.85014,66.29975,383
2017-09-29,66.9995,67.20001,65.50079,66.99019,2187
2017-10-02,66.9995,68.00001,64.01035,64.89924,3088
2017-10-03,64.9995,68.49924,64.9995,68.49924,28873
2017-10-04,69.20001,69.20001,67.25066,67.89976,1365
2017-10-05,67.60001,68.49097,65.50906,67.88942,576
2017-10-06,67.88942,68.29976,65.65066,67.9504,30397
2017-10-09,69.00053,69.00053,65.81087,65.81087,819
2017-10-10,66.9995,69.00053,65.09975,67.77056,1735
2017-10-11,67.77056,68.84032,66.89924,67.49045,216
2017-10-12,67.49045,67.98968,65.20001,67.98968,1052
2017-10-13,67.97934,67.97934,66.11061,66.9995,103
2017-10-16,67.98968,68.74937,64.20053,68.49924,3736
2017-10-17,69.00053,69.00053,67.20001,68.49097,2299
2017-10-18,68.49097,68.49924,65.5504,66.00001,4750
2017-10-19,66.99019,66.99019,65.50079,66.00001,762
2017-10-20,66.79071,66.79071,64.29975,65.76022,391
2017-10-23,64.93025,64.93025,61.80983,61.80983,4110
2017-10-24,63.08012,63.08012,58.21086,59.54937,3330
2017-10-25,59.75092,61.28063,57.49975,61.28063,5172
2017-10-26,61.28063,62.29975,61.20001,62.29975,1132
2017-10-27,62.99019,62.99019,62.00001,62.20053,253
2017-10-30,62.00001,63.28994,61.29924,62.29975,2287
2017-10-31,63.29924,65.20001,62.29975,63.98968,1095
2017-11-02,64.20053,64.20053,62.74937,62.74937,335
2017-11-03,62.7597,63.50079,62.7597,63.50079,1053
2017-11-06,63.50079,63.50079,62.01035,63.40053,1442
2017-11-07,62.9995,62.9995,61.60001,62.9995,15370
2017-11-08,61.60001,62.9995,61.60001,62.00001,789
2017-11-09,62.89924,62.89924,60.29975,61.45944,838
2017-11-10,60.00001,62.89924,60.00001,62.4796,1081
2017-11-13,62.00001,62.4796,61.05014,62.4796,286
2017-11-14,62.4796,62.4796,61.00983,61.50079,377
2017-11-15,61.00983,62.40001,61.00983,62.40001,404
2017-11-16,61.5504,62.5995,61.20001,62.5995,938
2017-11-17,62.9995,64.50027,62.65014,64.50027,1130
2017-11-20,64.9995,64.9995,62.9995,64.78968,1063
2017-11-21,64.78968,66.00001,64.00001,66.00001,1241
2017-11-22,66.02069,67.43981,64.9995,65.98968,792
2017-11-23,65.98968,66.97986,63.31991,66.97986,742
2017-11-24,67.30027,67.30027,66.50027,66.9995,492
2017-11-27,68.00001,68.00001,66.50027,66.9995,6176
2017-11-28,67.88942,67.88942,64.9995,66.40001,2068
2017-11-29,66.9995,66.9995,64.11061,65.20001,639
2017-11-30,65.20001,65.20001,62.00001,63.79019,2097
2017-12-01,64.89924,64.89924,62.80001,63.40053,170
2017-12-04,63.40053,64.99019,62.00001,63.50079,713
2017-12-05,63.40053,63.80053,62.89924,63.80053,78
2017-12-06,64.80001,64.80001,62.51991,63.70027,82
2017-12-07,63.70027,63.80053,62.9995,63.70027,228
2017-12-08,63.70027,63.80053,62.69975,63.80053,892
2017-12-11,63.50079,64.69975,63.50079,64.10027,274
2017-12-12,64.10027,64.10027,63.20932,64.00001,537
2017-12-13,64.00001,64.00001,62.00001,62.00001,1603
2017-12-14,62.9995,63.80053,62.10027,62.9995,792
2017-12-15,62.9995,62.9995,60.48993,60.48993,1548
2017-12-18,61.89045,61.89045,59.98968,60.9995,1246
2017-12-19,60.9995,63.50079,60.9995,62.9995,35198
2017-12-20,64.50027,64.50027,62.9995,62.9995,228
2017-12-21,62.9995,62.9995,62.84963,62.9995,30446
2017-12-22,62.50027,62.9995,62.01035,62.50027,2988
2017-12-27,62.9995,66.1995,62.9995,65.98968,28301
2017-12-28,66.84963,66.84963,64.9995,65.89975,1340
2017-12-29,65.00983,66.10027,64.50027,64.99019,2234
2018-01-03,64.40001,64.9995,63.20001,64.00001,538
2018-01-04,64.00001,64.00001,63.40053,64.00001,934
2018-01-05,64.9995,64.9995,64.40001,64.80001,77
2018-01-08,64.80001,67.40053,64.80001,65.80053,5021
2018-01-09,66.9995,67.60001,66.40001,67.60001,5118
2018-01-10,68.00001,69.00053,66.5995,68.00001,8334
2018-01-11,68.40001,68.5995,67.60001,67.60001,1431
2018-01-12,69.00053,69.60001,67.60001,68.5995,6601
2018-01-15,68.5995,69.60001,67.20001,67.40053,1981
2018-01-16,67.80053,68.80001,67.80053,68.80001,1240
2018-01-17,68.80001,68.80001,68.00001,68.1995,892
2018-01-18,68.80001,71.7995,68.80001,71.7995,16755
2018-01-19,72.00001,74.60053,72.00001,74.00001,8469
2018-01-22,74.60053,82.00002,74.60053,82.00002,20746
2018-01-23,85.20002,92.80002,84.9995,86.00002,28408
2018-01-24,86.00002,86.9995,80.9995,82.9995,10825
2018-01-25,82.9995,85.60002,82.9995,84.5995,2979
2018-01-26,84.5995,86.00002,84.5995,85.80053,1376
2018-01-29,86.00002,86.80002,84.00002,86.00002,3756
2018-01-30,86.00002,86.00002,84.40002,84.9995,984
2018-01-31,83.80053,84.9995,83.80053,84.9995,640
2018-02-01,84.00002,85.80053,78.60053,82.00002,1531
2018-02-02,81.80053,82.00002,80.00002,80.40002,2272
2018-02-05,80.00002,84.00002,75.7995,82.9995,5494
2018-02-06,78.00002,80.9995,76.00002,78.00002,8371
2018-02-07,79.60002,85.80053,79.60002,84.00002,6245
2018-02-08,85.60002,85.80053,83.80053,83.80053,4076
2018-02-09,82.40002,84.00002,80.9995,83.80053,2152
2018-02-12,83.80053,84.80002,83.80053,84.5995,1101
2018-02-13,84.9995,89.60002,84.9995,86.00002,9247
2018-02-14,86.5995,87.40053,86.00002,86.00002,3114
2018-02-15,86.40002,86.9995,83.80053,84.80002,2638
2018-02-16,84.9995,86.9995,84.00002,86.20053,3714
2018-02-19,85.60002,86.00002,83.20002,85.80053,393
2018-02-20,85.60002,88.5995,85.60002,88.00002,2144
2018-02-21,88.00002,88.80002,86.9995,88.00002,5102
2018-02-22,88.00002,88.80002,87.60002,88.40002,20556
2018-02-23,88.5995,93.20002,88.5995,92.00002,14492
2018-02-26,92.1995,93.00054,90.1995,91.00054,5142
2018-02-27,90.00002,91.00054,88.9995,88.9995,2261
2018-02-28,89.40053,90.80002,88.9995,90.1995,3719
2018-03-01,92.00002,92.00002,86.40002,88.9995,1417
2018-03-02,89.40053,89.40053,86.9995,86.9995,2123
2018-03-05,86.9995,88.9995,86.9995,87.80053,1603
2018-03-06,88.1995,90.80002,88.1995,88.9995,1811
2018-03-07,90.40002,91.60002,88.9995,91.20002,8111
2018-03-08,91.7995,91.7995,90.00002,91.60002,1992
2018-03-09,90.1995,93.7995,89.80053,93.00054,15284
2018-03-12,95.00054,97.60002,94.40002,94.40002,7941
2018-03-13,94.40002,96.00002,93.00054,95.60002,2733
2018-03-14,96.00002,99.60002,95.7995,99.60002,4331
2018-03-15,99.3995,102.00415,97.00054,102.00415,10413
2018-03-16,102.00415,102.50441,97.60002,99.00054,4550
2018-03-19,99.60002,100.50028,97.7995,100.00002,11715
2018-03-20,98.00002,99.60002,97.3995,97.60002,14020
2018-03-21,97.60002,98.80002,94.40002,97.7995,5538
2018-03-22,98.00002,98.60054,96.60054,98.00002,3093
2018-03-23,97.20002,98.80002,97.00054,98.60054,1173
2018-03-26,96.40002,98.1995,95.40054,95.40054,4443
2018-03-27,96.80002,97.20002,96.00002,96.00002,728
2018-03-28,96.00002,96.00002,91.60002,93.00054,4884
2018-03-29,96.00002,97.3995,92.40002,97.3995,3245
2018-04-03,97.60002,97.60002,95.60002,96.80002,507
2018-04-04,97.00054,97.00054,94.60054,95.20002,2453
2018-04-05,95.20002,97.00054,88.00002,90.40002,2468
2018-04-06,91.40054,100.50028,91.00054,100.00002,10417
2018-04-09,110.00519,117.49873,105.00261,109.49873,16546
2018-04-10,112.00002,116.99227,110.99744,114.99744,17025
2018-04-11,114.99744,117.49873,110.00519,111.5039,20548
2018-04-12,111.5039,111.5039,106.00519,109.49873,5078
2018-04-13,110.50131,112.00002,108.00002,108.00002,3259
2018-04-16,110.99744,110.99744,104.00002,106.00519,7763
2018-04-17,106.00519,106.99744,102.50441,104.00002,7167
2018-04-18,105.49873,105.49873,102.50441,104.00002,3324
2018-04-19,102.50441,105.00261,96.80002,98.60054,17182
2018-04-20,103.00777,105.00261,99.00054,100.00002,15830
2018-04-23,103.5039,104.00002,98.00002,99.3995,12315
2018-04-24,100.00002,100.9995,98.1995,98.40002,4162
2018-04-25,98.00002,99.60002,95.20002,98.40002,4709
2018-04-26,97.7995,104.50648,97.7995,100.00002,17075
2018-04-27,103.00777,103.00777,98.40002,99.20002,12695
2018-04-30,102.00415,107.5039,100.9995,105.00261,32345
2018-05-02,110.99744,113.99485,106.99744,108.00002,33565
2018-05-04,110.50131,112.49615,109.00261,111.5039,20363
2018-05-07,112.00002,116.00002,110.00519,110.99744,27324
2018-05-08,112.00002,113.49873,106.00519,110.00519,26735
2018-05-09,110.00519,113.00261,108.00002,112.49615,22378
2018-05-10,113.00261,128.49615,113.00261,128.00003,77977
2018-05-11,133.99486,150.99745,129.99486,149.00261,80404
2018-05-14,152.49615,163.50391,137.49874,146.50132,114441
2018-05-15,148.00003,148.00003,139.00778,144.49615,26003
2018-05-16,145.00261,172.99228,145.00261,169.00262,69968
2018-05-17,172.00003,172.99228,139.5039,142.0052,109790
2018-05-18,155.49357,156.00003,136.99228,146.0052,85090
2018-05-21,165.00262,169.99487,153.99486,159.50391,95400
2018-05-22,163.50391,172.00003,162.0052,172.00003,84939
2018-05-23,171.49357,184.00004,169.00262,178.0052,93874
2018-05-24,178.0052,181.00262,169.99487,177.00262,60120
2018-05-25,177.00262,181.00262,172.00003,175.00779,40491
2018-05-28,180.00004,182.99745,170.99745,172.99228,63063
2018-05-29,178.99745,179.50391,148.49615,150.99745,120810
2018-05-30,120.00002,136.00003,112.00002,116.99227,207092
2018-06-01,118.99744,118.99744,98.40002,110.00519,200670
2018-06-04,112.49615,135.49357,112.49615,134.99744,116360
2018-06-05,141.00261,145.00261,133.99486,141.00261,78232
2018-06-06,136.99228,141.00261,127.5039,134.99744,78430
2018-06-07,136.00003,137.49874,129.99486,133.49873,22650
2018-06-08,131.49357,133.00261,121.49873,123.00778,31093
2018-06-11,123.00778,128.00003,112.00002,126.99744,69080
2018-06-12,129.00261,131.49357,122.50132,124.00002,20394
2018-06-13,126.00519,126.00519,120.00002,122.00519,12039
2018-06-14,121.49873,136.49615,120.00002,134.99744,41829
2018-06-15,138.0052,138.0052,132.00003,132.00003,36975
2018-06-18,133.99486,136.00003,128.49615,129.99486,22321
2018-06-19,128.00003,128.00003,124.00002,126.00519,16032
2018-06-20,125.00261,128.00003,122.50132,128.00003,14563
2018-06-21,127.5039,129.49873,123.00778,124.50648,11568
2018-06-22,125.00261,125.00261,118.99744,121.49873,15258
2018-06-25,122.00519,122.00519,115.49356,119.5039,11878
2018-06-26,119.5039,120.00002,114.99744,114.99744,22910
2018-06-27,113.00261,114.99744,108.00002,114.99744,32999
2018-06-28,114.99744,132.00003,114.99744,125.00261,29263
2018-06-29,126.99744,132.00003,126.00519,129.99486,26906
2018-07-02,129.00261,132.00003,124.00002,126.00519,18697
2018-07-03,127.5039,127.5039,124.00002,126.99744,3795
2018-07-04,128.49615,133.99486,126.99744,131.49357,15688
2018-07-05,131.49357,133.99486,130.50132,132.00003,8121
2018-07-06,136.00003,137.49874,128.00003,128.49615,28961
2018-07-09,128.00292,128.99613,119.9964,125.00301,12974
2018-07-10,126.99957,126.99957,120.99975,125.00301,24500
2018-07-11,125.00301,125.00301,120.50315,123.50306,8522
2018-07-12,122.99631,125.00301,122.49971,123.99966,7592
2018-07-13,123.99966,125.00301,120.99975,122.0031,16260
2018-07-16,122.49971,123.99966,120.99975,122.0031,11473
2018-07-17,122.0031,138.99921,122.0031,137.99587,63641
2018-07-18,137.49926,137.49926,125.00301,125.99622,57562
2018-07-19,127.49618,132.50279,125.99622,129.99948,16079
2018-07-20,131.49944,134.99596,127.49618,128.99613,24672
2018-07-23,137.00265,138.99921,134.49935,138.99921,56102
2018-07-24,140.99578,155.00211,140.99578,149.00229,90636
2018-07-25,149.4989,155.99533,147.99894,154.49537,43196
2018-07-26,156.99867,156.99867,147.50234,152.0022,26091
2018-07-27,150.99885,163.4951,150.99885,162.99849,60126
2018-07-30,164.99506,174.00492,164.99506,171.99822,51848
2018-07-31,172.50497,174.99813,164.00184,164.49845,35094
2018-08-01,160.49519,167.99497,156.99867,164.00184,26591
2018-08-02,164.49845,168.99831,161.00193,166.49501,12914
2018-08-03,165.9984,165.9984,159.50198,161.00193,22847
2018-08-06,158.99524,167.00175,158.99524,164.99506,21442
2018-08-07,165.5018,172.50497,164.99506,170.00166,21531
2018-08-08,170.00166,171.99822,165.9984,167.00175,20231
2018-08-09,171.00501,171.99822,167.99497,171.99822,22282
2018-08-10,170.00166,171.00501,164.99506,166.49501,19661
2018-08-13,165.5018,171.00501,164.99506,171.00501,16846
2018-08-14,171.50162,171.50162,161.49854,164.00184,28988
2018-08-16,153.99876,162.50189,146.49899,160.49519,57487
2018-08-17,160.49519,162.99849,155.00211,162.50189,23732
2018-08-20,162.50189,162.99849,158.49863,158.49863,9936
2018-08-21,161.00193,161.00193,156.99867,161.00193,9449
2018-08-22,161.00193,161.00193,156.99867,158.49863,6801
2018-08-23,158.99524,158.99524,155.49872,156.99867,5128
2018-08-24,157.49528,158.00202,155.99533,156.99867,2257
2018-08-27,156.99867,159.99858,152.0022,152.0022,19853
2018-08-28,149.99551,152.0022,147.99894,150.50225,13559
2018-08-29,149.99551,149.99551,146.00238,148.49555,15795
2018-08-30,147.50234,153.99876,146.49899,153.50216,10647
2018-08-31,152.99542,155.00211,146.9956,152.0022,12093
2018-09-03,149.4989,152.0022,137.00265,138.99921,20313
2018-09-04,137.99587,146.49899,137.99587,143.00247,18117
2018-09-05,143.00247,144.50243,138.50261,140.99578,9714
2018-09-06,140.99578,140.99578,137.99587,139.49582,10797
2018-09-07,138.99921,149.99551,134.00274,140.99578,23504
2018-09-10,140.99578,143.00247,137.99587,140.00256,10799
2018-09-11,140.99578,140.99578,131.49944,138.99921,12945
2018-09-12,137.99587,138.50261,134.49935,137.00265,7167
2018-09-13,137.00265,137.99587,134.99596,137.00265,5086
2018-09-14,134.99596,140.00256,134.99596,139.49582,10649
2018-09-17,140.00256,152.0022,140.00256,152.0022,18626
2018-09-18,150.99885,159.99858,149.99551,158.99524,19040
2018-09-19,159.99858,159.99858,150.99885,153.99876,10061
2018-09-20,154.49537,159.99858,154.49537,158.00202,12843
2018-09-21,158.49863,159.50198,153.99876,156.99867,15653
2018-09-24,159.50198,161.99515,146.49899,150.99885,37125
2018-09-25,151.49546,152.0022,145.49564,149.4989,16400
2018-09-26,149.99551,152.99542,149.4989,150.99885,7319
2018-09-27,149.99551,149.99551,144.99903,146.49899,7087
2018-09-28,146.9956,147.50234,140.49917,143.00247,17549
2018-10-01,143.00247,146.49899,140.99578,143.49908,5002
2018-10-02,143.99569,150.50225,143.49908,149.00229,10064
2018-10-03,149.99551,153.50216,149.99551,152.49881,9524
2018-10-04,152.49881,152.99542,143.49908,146.00238,9021
2018-10-05,146.00238,148.49555,143.00247,146.9956,7085
2018-10-08,146.9956,150.99885,139.49582,141.99912,14137
2018-10-09,141.50252,143.00247,134.00274,140.99578,13056
2018-10-10,143.00247,143.99569,128.99613,130.49609,30435
2018-10-11,122.49971,126.99957,119.9964,122.0031,43665
2018-10-12,125.49962,131.00283,125.00301,128.00292,20564
2018-10-15,131.00283,134.99596,122.0031,123.99966,21496
2018-10-16,124.49627,131.99604,123.99966,129.50288,18590
2018-10-17,132.99939,134.99596,129.50288,129.50288,20667
2018-10-18,129.50288,131.00283,126.99957,128.49953,7662
2018-10-19,128.00292,128.99613,125.99622,127.49618,7810
2018-10-22,128.00292,128.49953,122.0031,124.49627,22515
2018-10-23,122.49971,122.99631,116.00328,116.49989,36966
2018-10-24,116.99649,123.50306,116.99649,118.49645,19388
2018-10-25,114.99993,122.99631,113.49998,122.99631,29912
2018-10-26,122.99631,125.00301,116.00328,116.99649,37486
2018-10-29,116.99649,119.9964,115.49654,117.99984,13245
2018-10-30,117.50324,121.49636,116.00328,119.4998,11792
2018-10-31,122.49971,122.49971,117.99984,119.4998,19406
2018-11-02,122.49971,125.00301,119.00319,120.99975,20486
2018-11-05,120.99975,123.50306,116.99649,120.99975,16340
2018-11-06,120.99975,122.99631,119.00319,121.49636,10493
2018-11-07,120.99975,131.00283,120.99975,131.00283,23787
2018-11-08,133.496,138.99921,131.99604,137.49926,27122
2018-11-09,137.49926,137.49926,131.00283,131.99604,10550
2018-11-13,140.99578,149.00229,137.00265,137.99587,34619
2018-11-14,138.99921,138.99921,131.00283,135.9993,16144
2018-11-15,137.00265,137.00265,127.49618,130.49609,15002
2018-11-16,131.00283,134.00274,122.0031,133.496,22609
2018-11-19,131.99604,134.49935,128.49953,131.49944,13820
2018-11-20,128.99613,129.99948,123.99966,125.00301,21659
2018-11-21,125.99622,129.50288,124.49627,125.99622,29665
2018-11-22,126.99957,131.49944,124.49627,128.00292,12330
2018-11-23,129.99948,132.99939,128.00292,131.49944,13369
2018-11-26,135.9993,147.99894,134.99596,139.49582,52068
2018-11-27,137.00265,137.49926,131.99604,135.9993,12520
2018-11-28,135.9993,137.99587,135.5027,137.00265,10715
2018-11-29,139.49582,141.99912,138.50261,141.99912,14734
2018-11-30,141.99912,142.49573,138.99921,141.50252,4652
2018-12-03,142.49573,147.99894,140.99578,146.49899,27040
2018-12-04,146.9956,146.9956,141.99912,145.49564,10598
2018-12-05,141.99912,143.00247,137.49926,141.99912,11416
2018-12-06,141.99912,146.00238,138.50261,143.49908,13853
2018-12-07,143.99569,146.9956,142.49573,143.00247,13144
2018-12-10,140.49917,141.50252,134.49935,134.49935,20396
2018-12-11,138.99921,139.49582,135.5027,135.9993,6852
2018-12-12,137.99587,137.99587,134.49935,137.99587,6674
2018-12-13,138.99921,138.99921,135.5027,136.49591,8905
2018-12-14,135.5027,137.49926,134.49935,135.9993,4437
2018-12-17,135.5027,137.00265,128.00292,130.49609,17157
2018-12-18,128.00292,129.99948,125.99622,129.99948,16036
2018-12-19,131.49944,134.49935,129.99948,134.49935,11047
2018-12-20,131.99604,134.00274,129.99948,131.00283,16180
2018-12-21,131.00283,133.496,128.99613,128.99613,19370
2018-12-27,134.00274,134.49935,130.49609,134.49935,8505
2018-12-28,134.00274,134.99596,131.99604,134.99596,8222
2019-01-02,136.49591,143.49908,134.00274,140.00256,25912
2019-01-03,140.00256,141.99912,135.5027,136.49591,7960
2019-01-04,138.50261,141.99912,136.49591,141.99912,9382
2019-01-07,144.99903,150.99885,143.99569,150.99885,39042
2019-01-08,152.0022,152.49881,149.00229,150.50225,14952
2019-01-09,152.0022,156.50207,150.50225,153.99876,17494
2019-01-10,153.50216,155.49872,150.50225,152.49881,11448
2019-01-11,155.49872,155.49872,152.0022,152.99542,11131
2019-01-14,153.50216,153.99876,149.99551,152.49881,8055
2019-01-15,152.99542,154.49537,152.0022,152.99542,4237
2019-01-16,152.99542,159.99858,152.99542,159.99858,22411
2019-01-17,159.99858,164.99506,155.99533,159.99858,16762
2019-01-18,160.49519,163.4951,160.49519,161.99515,11051
2019-01-21,161.99515,164.99506,161.00193,161.99515,4655
2019-01-22,162.50189,163.4951,157.49528,158.00202,15417
2019-01-23,156.99867,165.9984,155.00211,164.00184,36446
2019-01-24,164.00184,167.00175,160.49519,162.50189,7834
2019-01-25,163.4951,164.00184,159.99858,162.50189,5821
2019-01-28,162.99849,163.4951,156.99867,158.99524,12313
2019-01-29,156.99867,164.99506,156.99867,161.99515,9305
2019-01-30,162.50189,162.99849,159.99858,160.49519,2618
2019-01-31,162.99849,164.49845,161.00193,161.00193,16282
2019-02-01,161.49854,161.49854,158.99524,159.99858,5727
2019-02-04,159.99858,164.00184,159.99858,162.99849,8857
2019-02-05,164.00184,164.49845,161.99515,164.00184,6793
2019-02-06,162.99849,162.99849,157.49528,158.00202,20506
2019-02-07,158.00202,158.00202,144.50243,155.99533,32597
2019-02-08,152.99542,155.00211,149.00229,152.0022,17434
2019-02-11,152.0022,152.0022,149.4989,151.49546,7538
2019-02-12,151.49546,155.49872,150.50225,154.49537,9270
2019-02-13,155.99533,155.99533,152.0022,153.99876,2964
2019-02-14,152.49881,155.99533,152.49881,155.00211,2376
2019-02-15,153.99876,161.00193,152.0022,156.99867,8510
2019-02-18,158.49863,159.50198,155.49872,156.99867,6402
2019-02-19,156.50207,158.49863,154.49537,156.99867,4635
2019-02-20,158.00202,158.00202,153.99876,155.00211,2233
2019-02-21,155.49872,155.99533,153.50216,155.00211,3317
2019-02-22,154.49537,155.99533,152.0022,155.00211,4447
2019-02-25,155.99533,155.99533,151.49546,155.00211,9349
2019-02-26,155.49872,155.49872,152.99542,153.50216,4009
2019-02-27,154.49537,158.49863,154.49537,155.49872,8854
2019-02-28,156.50207,160.49519,156.50207,158.99524,7043
2019-03-01,159.50198,161.99515,158.49863,158.99524,11083
2019-03-04,161.00193,164.00184,161.00193,161.99515,4682
2019-03-05,162.99849,162.99849,158.99524,161.00193,3151
2019-03-06,161.00193,162.50189,159.50198,161.00193,3620
2019-03-07,161.00193,161.00193,158.49863,159.99858,2571
2019-03-08,158.49863,159.99858,155.49872,159.99858,9111
2019-03-11,161.99515,161.99515,159.99858,159.99858,5949
2019-03-12,161.00193,161.99515,159.99858,161.49854,4829
2019-03-13,161.49854,168.50171,159.99858,167.00175,21267
2019-03-14,170.49827,174.00492,170.00166,170.49827,23069
2019-03-15,170.00166,171.00501,167.99497,167.99497,11694
2019-03-18,170.00166,175.50488,170.00166,173.49818,14756
2019-03-19,174.50153,177.99804,174.00492,174.99813,13070
2019-03-20,174.99813,180.00474,173.49818,173.49818,15493
2019-03-21,173.49818,173.49818,169.50506,171.99822,7416
2019-03-22,174.00492,176.00148,167.00175,167.99497,8781
2019-03-25,168.99831,170.00166,164.49845,170.00166,7384
2019-03-26,171.99822,174.50153,171.00501,174.00492,5417
2019-03-27,174.99813,174.99813,172.50497,174.00492,5406
2019-03-28,174.99813,183.99787,173.00157,182.0013,24222
2019-03-29,182.49791,189.00447,177.50144,180.50135,28496
2019-04-01,182.80196,184.79852,179.00139,184.40326,10817
2019-04-02,185.00121,189.99769,185.00121,187.59573,16285
2019-04-03,191.39629,192.9976,188.59908,191.00103,27538
2019-04-04,192.00438,193.40299,182.39656,188.00112,19684
2019-04-05,189.00447,189.00447,181.20065,183.79517,17959
2019-04-08,183.99787,189.99769,183.99787,189.39973,6239
2019-04-09,189.60243,189.99769,186.99778,187.79843,4091
2019-04-10,187.79843,187.79843,184.59582,184.79852,5781
2019-04-11,188.00112,191.59899,185.59917,188.59908,11678
2019-04-12,189.99769,192.00438,189.00447,190.79834,6389
2019-04-15,191.00103,195.00429,191.00103,195.00429,10423
2019-04-16,195.60225,201.00411,194.8016,195.00429,16444
2019-04-17,195.00429,197.00085,191.00103,192.00438,9629
2019-04-18,192.00438,195.60225,192.00438,194.8016,4745
2019-04-23,194.8016,201.50072,192.9976,200.00076,6051
2019-04-24,199.59537,201.99733,195.19685,195.19685,13458
2019-04-25,195.19685,196.59546,191.39629,196.59546,11317
2019-04-26,199.40281,201.99733,193.20029,195.19685,19385
2019-04-29,195.99751,198.0042,194.00094,194.00094,7322
2019-04-30,195.00429,196.4029,192.00438,194.00094,5428
2019-05-02,201.00411,203.00067,194.20364,200.00076,13478
2019-05-06,201.50072,201.50072,195.99751,198.99742,14855
2019-05-07,198.99742,198.99742,191.00103,192.19694,11535
2019-05-08,190.20038,190.79834,183.00465,189.60243,14747
2019-05-09,189.79499,189.79499,183.99787,185.00121,9927
2019-05-10,185.00121,192.9976,185.00121,191.00103,7634
2019-05-13,189.99769,191.00103,182.39656,182.59926,12034
2019-05-14,183.00465,186.00456,182.59926,184.59582,6660
2019-05-15,185.80187,186.99778,183.39991,186.00456,4198
2019-05-16,185.39647,186.00456,182.59926,183.99787,16081
2019-05-17,186.79508,186.79508,182.0013,183.60261,4397
2019-05-20,183.99787,183.99787,171.99822,177.60279,25104
2019-05-21,176.00148,176.00148,171.40027,171.40027,19852
2019-05-22,167.99497,174.60288,161.99515,171.99822,40668
2019-05-23,172.79888,172.79888,163.79915,164.5998,14862
2019-05-24,162.7958,170.80231,158.00202,168.99831,14451
2019-05-27,169.79897,169.79897,167.20445,168.40036,4209
2019-05-28,169.20101,169.79897,167.8024,167.99497,2830
2019-05-29,167.39701,167.39701,156.99867,160.79924,12974
2019-05-30,180.00474,183.99787,175.79879,180.79526,49626
2019-05-31,180.00474,180.00474,174.40018,177.99804,12077
2019-06-03,179.39665,179.39665,168.99831,169.59627,8876
2019-06-04,170.00166,173.00157,167.39701,171.60297,14484
2019-06-05,174.40018,178.40344,174.40018,177.99804,9840
2019-06-06,179.00139,179.59935,173.00157,177.40009,8466
2019-06-07,180.00474,192.00438,177.79535,188.00112,30675
2019-06-10,191.59899,191.59899,181.40335,183.19721,14440
2019-06-11,183.99787,183.99787,177.40009,182.0013,7543
2019-06-12,180.99796,180.99796,171.99822,173.20427,11170
2019-06-13,174.79544,179.59935,172.20092,178.596,5923
2019-06-14,178.40344,179.20409,174.00492,174.00492,2687
2019-06-17,173.00157,175.79879,170.00166,174.99813,9520
2019-06-18,176.20418,178.596,172.20092,177.40009,4204
2019-06-19,175.79879,177.00483,173.20427,173.80222,1674
2019-06-21,174.19748,176.00148,170.39692,170.39692,8464
2019-06-24,170.80231,176.00148,170.80231,174.40018,4051
2019-06-25,174.40018,174.79544,172.79888,173.80222,2441
2019-06-26,173.80222,173.80222,170.59962,171.60297,4743
2019-06-27,171.19757,174.99813,171.00501,174.79544,3901
2019-06-28,174.40018,177.99804,174.00492,174.99813,7258
2019-07-01,177.00483,180.4,177.00483,177.00483,5484
2019-07-02,177.79535,178.40344,175.40353,177.79535,4111
2019-07-03,177.99804,180.00474,176.20418,180.00474,5805
2019-07-04,180.00474,184.20056,180.00474,183.60261,10459
2019-07-05,182.59926,187.20047,182.59926,185.20391,6231
2019-07-08,186.00456,190.79834,186.00456,189.00447,11789
2019-07-09,189.60243,189.60243,184.20056,185.59917,5138
2019-07-10,185.59917,188.20382,185.20391,186.39982,4226
2019-07-11,185.20391,186.60252,180.00474,181.20065,14249
2019-07-12,180.1973,182.0013,176.39674,180.99796,9347
2019-07-15,181.40335,183.19721,179.80204,183.19721,2424
2019-07-16,183.39991,183.79517,181.79861,182.59926,1811
2019-07-17,182.80196,182.80196,177.99804,180.4,6345
2019-07-18,178.4,181,178,181,4617
2019-07-19,181.2,183.8,181.2,183,3064
2019-07-22,184,186,181.4,183.6,2567
2019-07-23,183.4,183.4,182,182,1098
2019-07-24,182,183.6,181.4,183.2,710
2019-07-25,183.2,185,183.2,184,2214
2019-07-26,184,184.2,183,184,2759
2019-07-29,184,186,183.6,186,3005
2019-07-30,185,186,183.8,185.2,3009
2019-07-31,184.4,185,180.4,182.6,3990
2019-08-01,181.6,184.8,178.8,181,7561
2019-08-02,181,181,176.2,180.2,7028
2019-08-05,179.4,179.8,176.4,177.2,12287
2019-08-06,176,177.2,172.2,177.2,4976
2019-08-07,176,179,176,178,3376
2019-08-08,177,178,174.2,177,2451
2019-08-09,177.8,177.8,172.6,172.6,2237
2019-08-12,172.4,175.6,172.4,174.6,1597
2019-08-13,174.6,176.2,171.2,176.2,3860
2019-08-14,176.2,177,171.2,171.4,1815
2019-08-16,171.4,173.8,171,171.2,6278
2019-08-19,172,172,169.2,170,6875
2019-08-20,170,172.6,170,172,1246
2019-08-21,170,172.6,170,172.6,2345
2019-08-22,174,179,172.6,178.8,4773
2019-08-23,180,181,175.4,181,3979
2019-08-26,176,180,176,178,2421
2019-08-27,178.2,179.4,177.4,178.2,1196
2019-08-28,178.6,178.6,175.8,175.8,2615
2019-08-29,175.8,178.2,173.6,178.2,3214
2019-08-30,179.8,184,178,178.8,6122
2019-09-02,179.4,181,177.4,180.2,2418
2019-09-03,182,183.4,178.2,178.2,2259
2019-09-04,178,181,177,179.8,5314
2019-09-05,180,180.8,176.8,178,2590
2019-09-06,177.2,178,176.8,178,1465
2019-09-09,178,179.6,176.8,179.4,2332
2019-09-10,179.4,179.4,177.6,177.6,936
2019-09-11,178.4,181.6,177,181.6,2368
2019-09-12,181,182,179.4,180.4,3319
2019-09-13,181.6,184,180.4,183.6,4116
2019-09-16,183.6,192.4,182.4,192.4,10655
2019-09-17,192.6,196,187.4,187.8,18890
2019-09-18,187.8,189,186,187.8,4570
2019-09-19,187.6,190,187.4,190,2775
2019-09-20,190,192,184,184,9929
2019-09-23,185.8,191.8,185.8,188.8,7091
2019-09-24,188,191.2,187,191,3489
2019-09-25,190,192,188,191.8,3393
2019-09-26,191.8,194.6,189.2,193.4,2340
2019-09-27,193.4,194.4,190.2,191.6,2318
2019-09-30,191.6,192,182.6,188.4,21224
2019-10-01,190,190,182,187,9514
2019-10-02,184.4,185,178,178,12708
2019-10-03,177,180,172,177.4,9648
2019-10-04,178,183.2,178,183.2,3688
2019-10-07,184.2,187.8,184.2,187.8,3211
2019-10-08,188.2,191.4,188,190,4136
2019-10-09,190.6,190.6,186.2,189,2147
2019-10-10,189,189.6,186.2,187.2,2089
2019-10-11,188,190.8,187.6,189,2143
2019-10-14,188.6,191,186.4,191,3881
2019-10-15,192,192,188.6,190.6,2588
2019-10-16,188.6,192,188.6,190.4,2320
2019-10-17,190.4,190.8,186.8,190.8,2257
2019-10-18,190.4,190.4,185,187.8,1847
2019-10-21,187.8,188,186.4,187,1053
2019-10-22,187,189.2,185,186,1949
2019-10-23,184.8,185.2,181.6,181.6,3142
2019-10-24,181,184,180.4,182,1075
2019-10-25,184,184,179.4,182,7951
2019-10-28,182,183,179.6,181.8,1604
2019-10-29,181.4,184,179.2,182.6,2121
2019-10-30,182.6,183.6,178.6,178.6,3160
2019-10-31,177.2,179.6,173.6,178.6,3222
2019-11-04,180,181.6,176.6,178.2,3951
2019-11-05,180,182.6,178.4,181,2759
2019-11-06,180.8,180.8,178.2,179,1904
2019-11-07,179.2,179.2,175,176.4,3768
2019-11-08,175.2,178.2,174.4,175.8,4460
2019-11-12,176,176,171.8,172,5355
2019-11-13,172.4,177.2,170.6,174.2,4873
2019-11-14,174.2,176.4,173,174.2,2472
2019-11-15,174.6,179.4,174.6,179.4,2609
2019-11-18,180,183,178.6,179.2,3035
2019-11-19,179.4,181.8,178.2,179.2,2719
2019-11-20,179.2,179.2,176,178.8,1067
2019-11-21,178,178,175,175.2,788
2019-11-22,175.4,178.8,173,173,2178
2019-11-25,174,178,174,177,3929
2019-11-26,178,179,176,176.2,1068
2019-11-27,176.8,177.8,175,176.4,738
2019-11-28,177.8,178,175.8,177.8,1431
2019-11-29,177,179.2,177,178.2,1741
2019-12-02,200,200,189.2,196,55380
2019-12-03,196,208,193.6,206.5,38620
2019-12-04,206.5,214.5,203,211.5,27096
2019-12-05,209.5,214,205,213,13016
2019-12-06,210.5,213,206.5,212,6728
2019-12-09,212,212,207,208.5,4735
2019-12-10,208,220,207,220,14450
2019-12-11,220,228,218,228,16397
2019-12-12,229,235.5,229,235,21388
2019-12-13,236.5,237,230,232.5,6689
2019-12-16,234.5,234.5,224,224.5,12091
2019-12-17,224,229,216.5,229,15922
2019-12-18,230,234.5,228,233,5029
2019-12-19,233,234.5,228.5,230,7953
2019-12-20,230,232,225,230,7406
2019-12-23,230,230,226.5,227,5013
2019-12-27,229,232,228.5,232,4717
2019-12-30,232.5,239,232,239,7562
2020-01-02,240,248,240,248,6100
2020-01-03,248,248,243.5,245,6143
2020-01-07,248,250,245,248,3520
2020-01-08,248,248,241,246,13260
2020-01-09,246,258,245.5,258,16208
2020-01-10,258,264,257.5,260,9466
2020-01-13,260,266,258.5,266,3986
2020-01-14,264,282,262,282,11780
2020-01-15,283,283,266,267,37432
2020-01-16,267,277,267,277,13914
2020-01-17,268,276,264,276,8277
2020-01-20,275,282,273,282,6116
2020-01-21,282,284,277,277,4118
2020-01-22,277,278,272,274,4912
2020-01-23,272.5,273,266.5,266.5,7491
2020-01-24,266.5,274.5,260.5,265.5,8686
2020-01-27,264.5,265.5,256.5,261,12090
2020-01-28,258,272,258,271.5,4497
2020-01-29,272,279.5,272,277,4630
2020-01-30,276,276,271.5,272,3350
2020-01-31,272,275,267.5,275,3636
2020-02-03,274.5,298,273,295,16074
2020-02-04,298,317.5,297,313,19204
2020-02-05,317,332.5,317,323,20546
2020-02-06,327,327,315,320,10884
2020-02-07,320,322,316,319,5114
2020-02-10,319,343,317.5,338.5,19277
2020-02-11,340,376,340,374,28912
2020-02-12,375,383,357,369.5,23315
2020-02-13,365,375,362,369.5,6419
2020-02-14,369.5,373,365,372,5800
2020-02-17,372.5,384,372.5,380,11019
2020-02-18,382,387,381,387,9442
2020-02-19,387.5,389,381.5,389,8361
2020-02-20,389,389,373.5,380,10508
2020-02-21,378.5,391,376,390,6856
2020-02-24,384,385,362,369.5,31355
2020-02-25,366,367,317.5,338,55118
2020-02-26,328,354.5,311.5,345,64050
2020-02-27,349,349,311.5,319.5,28302
2020-02-28,292,303.5,263,278,117481
2020-03-02,305,324.5,283.5,310,64081
2020-03-03,325.5,340.5,320,340.5,55496
2020-03-04,324,340.5,315,330,36152
2020-03-05,344,344,310,315,35992
2020-03-06,306.5,307,291,305,32539
2020-03-09,274,291,250,258,79402
2020-03-10,278,284.5,256,264,35700
2020-03-11,270,270,238.5,245,60445
2020-03-12,218,228,196,197,94031
2020-03-13,210,229,198.8,211,100412
2020-03-16,205,248,197.8,240.5,50659
2020-03-17,245,269,232.5,264,99480
2020-03-18,264,280,251,270,70136
2020-03-19,267,280,267,279.5,30732
2020-03-20,297.5,307,280,280.5,43426
2020-03-23,274,289,258,285,37098
2020-03-24,305,309,296.5,309,31939
2020-03-25,313,330,295,304,46724
2020-03-26,300,309,295.5,300,27213
2020-03-27,302,306.5,290,296,13466
2020-03-30,299,300,287,300,10316
2020-03-31,302.5,309,302,306.5,15698
2020-04-01,302,314,300,310,12940
2020-04-02,310,315,305,313,10311
2020-04-03,313,318.5,312,318,12372
2020-04-06,320,358,320,358,42106
2020-04-07,366,378,329,330,42773
2020-04-08,328,344,325.5,339.5,18937
2020-04-09,348,357,340,345,14944
2020-04-14,350,369,350,369,16970
2020-04-15,372,374,358,361,15725
2020-04-16,364,370,360.5,369.5,10199
2020-04-17,374,388,373,387.5,33206
2020-04-20,388,409.5,372,409,23703
2020-04-21,410,421,385,391,38663
2020-04-22,390,416,390,416,19473
2020-04-23,416,419.5,405,410,17749
2020-04-24,406,414,398,410,21049
